{
    "vad_series": [
        2.2585813999176025,
        2.283341884613037,
        2.287266254425049,
        2.279954433441162,
        2.277475118637085,
        2.2912216186523438,
        2.2959542274475098,
        2.2946741580963135,
        2.2784972190856934,
        2.2949531078338623,
        2.2609267234802246,
        2.27986216545105,
        2.301670551300049,
        2.269818067550659,
        2.2630913257598877,
        2.2693586349487305,
        2.2700045108795166,
        2.275498628616333,
        2.290555000305176,
        2.2890472412109375,
        2.2737903594970703,
        2.272693157196045,
        2.274277448654175,
        2.3036978244781494,
        2.2791919708251953,
        2.2792139053344727,
        2.2889370918273926,
        2.275780200958252,
        2.2851510047912598,
        2.2673916816711426,
        2.3109614849090576,
        2.2813494205474854,
        2.2753219604492188,
        2.2927427291870117,
        2.2686262130737305,
        2.2714829444885254,
        2.297750473022461,
        2.291527271270752,
        2.2776355743408203,
        2.2777442932128906,
        2.2780261039733887,
        2.3068418502807617,
        2.295989990234375,
        2.2806615829467773,
        2.3033347129821777,
        2.2984588146209717,
        2.2982797622680664,
        2.273737668991089,
        2.280331611633301,
        2.2865967750549316
    ],
    "anl2_series": [
        9.302302293429923,
        9.314305156486265,
        9.323405205058314,
        9.319071146956937,
        9.311910627879637,
        9.324865365683952,
        9.321529533569898,
        9.31979166833446,
        9.324768743094191,
        9.330579613043358,
        9.301228450437101,
        9.314009369848588,
        9.323894098018616,
        9.309787030299532,
        9.30297861530437,
        9.29753204003973,
        9.312623981997437,
        9.310575042681377,
        9.320698503767138,
        9.323735130317463,
        9.316122870671176,
        9.315897321596054,
        9.315288187663842,
        9.330360529750982,
        9.313348184576014,
        9.319784355751265,
        9.32270718611542,
        9.311085744539831,
        9.323773379350346,
        9.311969035820256,
        9.340315435643932,
        9.321200184691492,
        9.321321853171586,
        9.319787839609917,
        9.308667268047019,
        9.310926236708056,
        9.324658224366216,
        9.320515809210068,
        9.31387769059023,
        9.316286273775479,
        9.312017430533551,
        9.3246688650236,
        9.326213284664009,
        9.326646372744044,
        9.32797455281945,
        9.31860437693838,
        9.32433914592999,
        9.314961735584756,
        9.314455691710805,
        9.315149400688814
    ]
}